{
  "version": 1,
  "author": "Anonymous maker",
  "editor": "wokwi",
  "parts": [
    { "type": "wokwi-breadboard", "id": "bb1", "top": -262.2, "left": -6.8, "attrs": {} },
    { "type": "wokwi-arduino-uno", "id": "uno", "top": -18.6, "left": 306.6, "attrs": {} },
    { "type": "board-ds18b20", "id": "temp2", "top": -183.53, "left": 109.68, "attrs": {} },
    {
      "type": "wokwi-led",
      "id": "led1",
      "top": -176.4,
      "left": 349.4,
      "attrs": { "color": "red" }
    },
    {
      "type": "wokwi-led",
      "id": "led2",
      "top": -176.4,
      "left": 397.4,
      "attrs": { "color": "green" }
    },
    {
      "type": "wokwi-led",
      "id": "led3",
      "top": -176.4,
      "left": 455,
      "attrs": { "color": "yellow" }
    },
    {
      "type": "wokwi-resistor",
      "id": "r1",
      "top": -140.05,
      "left": 220.8,
      "attrs": { "value": "4700" }
    },
    {
      "type": "wokwi-resistor",
      "id": "r2",
      "top": -168,
      "left": 364.25,
      "rotate": 90,
      "attrs": { "value": "220000" }
    },
    {
      "type": "wokwi-resistor",
      "id": "r3",
      "top": -168,
      "left": 489.05,
      "rotate": 90,
      "attrs": { "value": "220" }
    },
    {
      "type": "wokwi-resistor",
      "id": "r4",
      "top": -158.4,
      "left": 297.05,
      "rotate": 90,
      "attrs": { "value": "220" }
    },
    { "type": "wokwi-lcd1602", "id": "lcd1", "top": -361.37, "left": 332.8, "attrs": {} }
  ],
  "connections": [
    [ "temp2:GND", "uno:GND.2", "black", [ "v422.4", "h153.6", "v-124.7" ] ],
    [ "temp2:DQ", "uno:2", "green", [ "v57.6", "h451.2", "v-96" ] ],
    [ "temp2:VCC", "r1:1", "red", [ "v-201.6", "h57.6" ] ],
    [ "r1:2", "uno:5V", "green", [ "v297.6", "h152.4" ] ],
    [ "r4:2", "led1:A", "green", [ "h0" ] ],
    [ "r4:1", "uno:8", "green", [ "h0" ] ],
    [ "led1:C", "uno:GND.1", "green", [ "v0" ] ],
    [ "led3:C", "uno:GND.1", "green", [ "v67.2", "h-86" ] ],
    [ "led2:C", "uno:GND.1", "green", [ "v67.2", "h-28.4" ] ],
    [ "r2:2", "led2:A", "green", [ "h0" ] ],
    [ "led3:A", "r3:2", "green", [ "v0", "h38.4" ] ],
    [ "r3:1", "uno:10", "green", [ "h-96", "v124.8" ] ],
    [ "r2:1", "uno:9", "green", [ "h38.4", "v124.8" ] ],
    [ "led1:A", "bb1:38b.g", "", [ "$bb" ] ],
    [ "led1:C", "bb1:37b.g", "", [ "$bb" ] ],
    [ "led2:A", "bb1:43b.g", "", [ "$bb" ] ],
    [ "led2:C", "bb1:42b.g", "", [ "$bb" ] ],
    [ "led3:A", "bb1:49b.g", "", [ "$bb" ] ],
    [ "led3:C", "bb1:48b.g", "", [ "$bb" ] ],
    [ "r1:1", "bb1:22b.g", "", [ "$bb" ] ],
    [ "r1:2", "bb1:28b.g", "", [ "$bb" ] ],
    [ "r2:1", "bb1:40t.c", "", [ "$bb" ] ],
    [ "r2:2", "bb1:40b.g", "", [ "$bb" ] ],
    [ "r3:1", "bb1:53t.c", "", [ "$bb" ] ],
    [ "r3:2", "bb1:53b.g", "", [ "$bb" ] ],
    [ "r4:1", "bb1:33t.d", "", [ "$bb" ] ],
    [ "r4:2", "bb1:33b.h", "", [ "$bb" ] ],
    [ "temp2:GND", "bb1:11b.g", "", [ "$bb" ] ],
    [ "temp2:DQ", "bb1:12b.g", "", [ "$bb" ] ],
    [ "temp2:VCC", "bb1:13b.g", "", [ "$bb" ] ]
  ],
  "dependencies": {}
}